1,1,0001-1-01,0001-9-50,鹿本郵便局分　〒861-03,450
1,2,0002-1-01,0002-9-50,鹿本郵便局分　〒861-03,450
1,3,0003-1-01,0003-9-50,鹿本郵便局分　〒861-03,450
1,4,0004-1-01,0004-9-50,鹿本郵便局分　〒861-03,450
1,5,0005-1-01,0005-9-50,鹿本郵便局分　〒861-03,450
1,6,0006-1-01,0006-9-50,鹿本郵便局分　〒861-03,450
1,7,0007-1-01,0007-9-50,鹿本郵便局分　〒861-03,450
1,8,0008-1-01,0008-9-50,鹿本郵便局分　〒861-03,450
1,9,0009-1-01,0009-9-50,鹿本郵便局分　〒861-03,450
1,10,0010-1-01,0010-9-50,鹿本郵便局分　〒861-03,450
1,11,0011-1-01,0011-9-50,鹿本郵便局分　〒861-03,450
1,12,0012-1-01,0012-9-50,鹿本郵便局分　〒861-03,450
1,13,0013-1-01,0013-9-50,鹿本郵便局分　〒861-03,450
1,14,0014-1-01,0014-9-50,鹿本郵便局分　〒861-03,450
1,15,0015-1-01,0015-9-50,鹿本郵便局分　〒861-03,450
1,16,0016-1-01,0016-9-50,鹿本郵便局分　〒861-03,450
1,17,0017-1-01,0017-9-50,鹿本郵便局分　〒861-03,450
1,18,0018-1-01,0018-9-50,鹿本郵便局分　〒861-03,450
1,19,0019-1-01,0019-4-35,鹿本郵便局分　〒861-03,185
2,20,0020-1-01,0020-9-50,鹿北郵便局分　〒861-04,450
2,21,0021-1-01,0021-9-50,鹿北郵便局分　〒861-04,450
2,22,0022-1-01,0022-9-50,鹿北郵便局分　〒861-04,450
2,23,0023-1-01,0023-9-50,鹿北郵便局分　〒861-04,450
2,24,0024-1-01,0024-9-50,鹿北郵便局分　〒861-04,450
2,25,0025-1-01,0025-9-50,鹿北郵便局分　〒861-04,450
2,26,0026-1-01,0026-9-50,鹿北郵便局分　〒861-04,450
2,27,0027-1-01,0027-9-50,鹿北郵便局分　〒861-04,450
2,28,0028-1-01,0028-9-50,鹿北郵便局分　〒861-04,450
2,29,0029-1-01,0029-8-35,鹿北郵便局分　〒861-04,385
3,30,0030-1-01,0030-9-50,山鹿郵便局分　〒861-05,450
3,31,0031-1-01,0031-9-50,山鹿郵便局分　〒861-05,450
3,32,0032-1-01,0032-9-50,山鹿郵便局分　〒861-05,450
3,33,0033-1-01,0033-9-50,山鹿郵便局分　〒861-05,450
3,34,0034-1-01,0034-9-50,山鹿郵便局分　〒861-05,450
3,35,0035-1-01,0035-9-50,山鹿郵便局分　〒861-05,450
3,36,0036-1-01,0036-9-50,山鹿郵便局分　〒861-05,450
3,37,0037-1-01,0037-9-50,山鹿郵便局分　〒861-05,450
3,38,0038-1-01,0038-9-50,山鹿郵便局分　〒861-05,450
3,39,0039-1-01,0039-9-50,山鹿郵便局分　〒861-05,450
3,40,0040-1-01,0040-9-50,山鹿郵便局分　〒861-05,450
3,41,0041-1-01,0041-9-50,山鹿郵便局分　〒861-05,450
3,42,0042-1-01,0042-9-50,山鹿郵便局分　〒861-05,450
3,43,0043-1-01,0043-9-50,山鹿郵便局分　〒861-05,450
3,44,0044-1-01,0044-9-50,山鹿郵便局分　〒861-05,450
3,45,0045-1-01,0045-9-50,山鹿郵便局分　〒861-05,450
3,46,0046-1-01,0046-9-50,山鹿郵便局分　〒861-05,450
3,47,0047-1-01,0047-9-50,山鹿郵便局分　〒861-05,450
3,48,0048-1-01,0048-9-50,山鹿郵便局分　〒861-05,450
3,49,0049-1-01,0049-9-50,山鹿郵便局分　〒861-05,450
3,50,0050-1-01,0050-9-50,山鹿郵便局分　〒861-05,450
3,51,0051-1-01,0051-9-50,山鹿郵便局分　〒861-05,450
3,52,0052-1-01,0052-9-50,山鹿郵便局分　〒861-05,450
3,53,0053-1-01,0053-9-50,山鹿郵便局分　〒861-05,450
3,54,0054-1-01,0054-9-50,山鹿郵便局分　〒861-05,450
3,55,0055-1-01,0055-9-50,山鹿郵便局分　〒861-05,450
3,56,0056-1-01,0056-9-50,山鹿郵便局分　〒861-05,450
3,57,0057-1-01,0057-9-50,山鹿郵便局分　〒861-05,450
3,58,0058-1-01,0058-9-50,山鹿郵便局分　〒861-05,450
3,59,0059-1-01,0059-9-50,山鹿郵便局分　〒861-05,450
3,60,0060-1-01,0060-9-50,山鹿郵便局分　〒861-05,450
3,61,0061-1-01,0061-9-50,山鹿郵便局分　〒861-05,450
3,62,0062-1-01,0062-9-50,山鹿郵便局分　〒861-05,450
3,63,0063-1-01,0063-9-50,山鹿郵便局分　〒861-05,450
3,64,0064-1-01,0064-9-50,山鹿郵便局分　〒861-05,450
3,65,0065-1-01,0065-9-50,山鹿郵便局分　〒861-05,450
3,66,0066-1-01,0066-9-50,山鹿郵便局分　〒861-05,450
3,67,0067-1-01,0067-9-50,山鹿郵便局分　〒861-05,450
3,68,0068-1-01,0068-9-50,山鹿郵便局分　〒861-05,450
3,69,0069-1-01,0069-9-50,山鹿郵便局分　〒861-05,450
3,70,0070-1-01,0070-9-50,山鹿郵便局分　〒861-05,450
3,71,0071-1-01,0071-9-50,山鹿郵便局分　〒861-05,450
3,72,0072-1-01,0072-9-50,山鹿郵便局分　〒861-05,450
3,73,0073-1-01,0073-9-50,山鹿郵便局分　〒861-05,450
3,74,0074-1-01,0074-9-50,山鹿郵便局分　〒861-05,450
3,75,0075-1-01,0075-9-50,山鹿郵便局分　〒861-05,450
3,76,0076-1-01,0076-9-50,山鹿郵便局分　〒861-05,450
3,77,0077-1-01,0077-9-50,山鹿郵便局分　〒861-05,450
3,78,0078-1-01,0078-9-50,山鹿郵便局分　〒861-05,450
3,79,0079-1-01,0079-9-50,山鹿郵便局分　〒861-05,450
3,80,0080-1-01,0080-9-50,山鹿郵便局分　〒861-05,450
3,81,0081-1-01,0081-9-50,山鹿郵便局分　〒861-05,450
3,82,0082-1-01,0082-9-50,山鹿郵便局分　〒861-05,450
3,83,0083-1-01,0083-9-50,山鹿郵便局分　〒861-05,450
3,84,0084-1-01,0084-4-13,山鹿郵便局分　〒861-05,163
4,85,0085-1-01,0085-9-50,鹿本郵便局分　〒861-06,450
4,86,0086-1-01,0086-9-50,鹿本郵便局分　〒861-06,450
4,87,0087-1-01,0087-9-50,鹿本郵便局分　〒861-06,450
4,88,0088-1-01,0088-9-50,鹿本郵便局分　〒861-06,450
4,89,0089-1-01,0089-9-50,鹿本郵便局分　〒861-06,450
4,90,0090-1-01,0090-9-50,鹿本郵便局分　〒861-06,450
4,91,0091-1-01,0091-3-29,鹿本郵便局分　〒861-06,129
