5012150,2024/5/27
4001886,2024/5/27
5012169,2024/5/27
1033552,2024/5/27
3001481,2024/5/28
1033607,2024/5/27
1033587,2024/5/27
8000597,2024/5/27
1033640,2024/5/30
5012231,2024/5/27
5012233,2024/5/27
4001893,2024/5/28
5012243,2024/5/27
5012244,2024/5/27
1033709,2024/5/27
5012246,2024/5/29
1033725,2024/5/27
1033732,2024/5/27
1033736,2024/5/27
1033737,2024/5/27
5012086,2024/5/25
2002453,2024/5/25
6003412,2024/5/25
1033603,2024/5/25
5012234,2024/5/25
1033680,2024/5/25
1033681,2024/5/25
1033682,2024/5/25
1033683,2024/5/25
1033684,2024/5/25
5012242,2024/5/25
1033696,2024/5/25
1033697,2024/5/25
1033698,2024/5/25
1033699,2024/5/25
1033701,2024/5/28
1033717,2024/5/25
9101510,2024/5/24
2002398,2024/5/28
6003420,2024/5/28
7000785,2024/5/28
6003428,2024/5/28
1033602,2024/5/28
6003441,2024/5/28
4001890,2024/5/28
5012220,2024/5/28
1033652,2024/5/28
1033660,2024/5/28
5012235,2024/5/28
5012238,2024/5/28
5012239,2024/5/28
1033711,2024/5/28
1033718,2024/5/28
1033719,2024/5/28
1033722,2024/5/28
1033723,2024/5/28
9300239,2024/5/28
3001485,2024/5/28
1033731,2024/5/28
1033751,2024/5/31
1033752,2024/5/28
5012270,2024/5/28
1033755,2024/5/28
5012271,2024/5/28
2002310,2024/5/28
2002372,2024/5/27
1033383,2024/5/28
1033384,2024/5/28
5012132,2024/5/28
3001478,2024/5/29
2002470,2024/5/29
9101506,2024/5/29
9201044,2024/5/29
9201045,2024/5/29
2002474,2024/5/29
9201046,2024/5/29
9201047,2024/5/29
9201048,2024/5/29
9201049,2024/5/29
1033588,2024/5/29
2002477,2024/5/29
3001482,2024/5/29
4001891,2024/5/30
3001483,2024/5/29
1033693,2024/5/29
5012248,2024/5/28
5012250,2024/5/29
5012251,2024/5/29
5012252,2024/5/29
5012253,2024/5/29
6003453,2024/5/29
1033721,2024/5/29
1033724,2024/5/29
1033727,2024/5/29
5012261,2024/5/28
1033729,2024/5/29
1033730,2024/5/28
5012269,2024/5/29
1033733,2024/5/30
1033734,2024/5/30
1033738,2024/5/28
1033739,2024/5/29
5012265,2024/5/29
1033756,2024/5/29
1033760,2024/5/29
5012274,2024/5/29
5012285,2024/5/30
1033772,2024/5/30
6003409,2024/5/30
1033559,2024/5/30
1033560,2024/5/30
1033581,2024/5/30
2002483,2024/5/30
2002484,2024/5/30
5012221,2024/5/31
1033647,2024/5/30
1033653,2024/5/30
1033654,2024/5/30
1033655,2024/5/30
7000789,2024/5/30
1033694,2024/5/30
1033712,2024/5/30
1033713,2024/5/30
6003452,2024/5/30
5012254,2024/5/30
5012255,2024/5/30
3001486,2024/5/30
1033740,2024/5/30
1033741,2024/5/30
5012278,2024/5/31
5012245,2024/5/30
1033775,2024/5/30
1033778,2024/5/30
1033780,2024/5/30
1033782,2024/5/30
1033783,2024/5/30
2002459,2024/5/31
2002461,2024/5/31
1033475,2024/5/31
2002479,2024/5/31
1033651,2024/5/31
4001895,2024/6/7
4001896,2024/6/7
4001898,2024/5/31
5012256,2024/5/31
5012268,2024/5/31
4001900,2024/5/31
9300240,2024/5/31
1033742,2024/5/30
1033763,2024/6/3
5012281,2024/5/31
1033769,2024/5/31
1033777,2024/5/31
1033781,2024/5/31
5012291,2024/5/31
1033785,2024/6/3
1033804,2024/6/3
1033635,2024/6/3
1033700,2024/6/3
1033743,2024/6/3
1033761,2024/6/3
5012283,2024/6/3
1033784,2024/6/3
1033798,2024/6/3
5012298,2024/6/3
5012152,2024/6/4
5012166,2024/6/5
6003447,2024/6/4
1033703,2024/6/4
2002490,2024/6/4
1033758,2024/6/4
5012279,2024/6/4
1033762,2024/6/4
1033776,2024/6/4
5012282,2024/6/4
5012288,2024/6/3
5012289,2024/6/4
1033799,2024/6/5
5012305,2024/6/5
5012312,2024/6/4
5012313,2024/6/4
1033820,2024/6/4
